Year,Month,Day,Value,data Completeness
2021,1,1,8.3,C
2021,1,2,10.5,C
2021,1,3,14.4,C
2021,1,4,14.8,C
2021,1,5,15.4,C
2021,1,6,14.7,C
2021,1,7,12.7,C
2021,1,8,5.1,C
2021,1,9,5.7,C
2021,1,10,7.5,C
2021,1,11,5.4,C
2021,1,12,7.4,C
2021,1,13,9.5,C
2021,1,14,12,C
2021,1,15,14.5,C
2021,1,16,15.1,C
2021,1,17,13.1,C
2021,1,18,10.9,C
2021,1,19,11.6,C
2021,1,20,15.7,C
2021,1,21,18,C
2021,1,22,19.9,C
2021,1,23,19,C
2021,1,24,16.6,C
2021,1,25,17.6,C
2021,1,26,18.3,C
2021,1,27,17,C
2021,1,28,17.4,C
2021,1,29,13,C
2021,1,30,14.1,C
2021,1,31,15.8,C
2021,2,1,19.7,C
2021,2,2,20.1,C
2021,2,3,15.4,C
2021,2,4,16.6,C
2021,2,5,17.9,C
2021,2,6,19.3,C
2021,2,7,18.3,C
2021,2,8,18.1,C
2021,2,9,15.8,C
2021,2,10,15.1,C
2021,2,11,15.6,C
2021,2,12,16.6,C
2021,2,13,17.5,C
2021,2,14,18.4,C
2021,2,15,18.4,C
2021,2,16,17.6,C
2021,2,17,17.4,C
2021,2,18,15,C
2021,2,19,15.7,C
2021,2,20,17.9,C
2021,2,21,18.5,C
2021,2,22,20.2,C
2021,2,23,19.5,C
2021,2,24,18.1,C
2021,2,25,18.6,C
2021,2,26,21.6,C
2021,2,27,16.9,C
2021,2,28,18.3,C
2021,3,1,20.5,C
2021,3,2,18.5,C
2021,3,3,15.8,C
2021,3,4,17.2,C
2021,3,5,19.3,C
2021,3,6,20,C
2021,3,7,18.6,C
2021,3,8,18.1,C
2021,3,9,18.3,C
2021,3,10,17.6,C
2021,3,11,19.5,C
2021,3,12,22.1,C
2021,3,13,19.4,C
2021,3,14,19.1,C
2021,3,15,20.3,C
2021,3,16,22.5,C
2021,3,17,23.6,C
2021,3,18,21.8,C
2021,3,19,23.1,C
2021,3,20,23.8,C
2021,3,21,18.3,C
2021,3,22,14,C
2021,3,23,14.6,C
2021,3,24,18.1,C
2021,3,25,19.1,C
2021,3,26,19.2,C
2021,3,27,22.9,C
2021,3,28,24,C
2021,3,29,24.7,C
2021,3,30,24.8,C
2021,3,31,24.5,C
2021,4,1,25.1,C
2021,4,2,25.9,C
2021,4,3,25.2,C
2021,4,4,23,C
2021,4,5,20.2,C
2021,4,6,22.3,C
2021,4,7,20.5,C
2021,4,8,20.7,C
2021,4,9,18.6,C
2021,4,10,18.6,C
2021,4,11,20.6,C
2021,4,12,23.5,C
2021,4,13,24.8,C
2021,4,14,23.2,C
2021,4,15,20.6,C
2021,4,16,21.4,C
2021,4,17,21.4,C
2021,4,18,19.5,C
2021,4,19,18.6,C
2021,4,20,20.7,C
2021,4,21,22.4,C
2021,4,22,23.8,C
2021,4,23,26.1,C
2021,4,24,23.3,C
2021,4,25,23.6,C
2021,4,26,20.9,C
2021,4,27,21.8,C
2021,4,28,23.7,C
2021,4,29,21.7,C
2021,4,30,24.1,C
2021,5,1,24.6,C
2021,5,2,25.7,C
2021,5,3,22.9,C
2021,5,4,26.4,C
2021,5,5,26,C
2021,5,6,23.1,C
2021,5,7,25.4,C
2021,5,8,27,C
2021,5,9,27.5,C
2021,5,10,27,C
2021,5,11,27.4,C
2021,5,12,27.8,C
2021,5,13,27.9,C
2021,5,14,28.1,C
2021,5,15,28.5,C
2021,5,16,28.4,C
2021,5,17,28.5,C
2021,5,18,28.2,C
2021,5,19,28.1,C
2021,5,20,28.4,C
2021,5,21,28.7,C
2021,5,22,28.3,C
2021,5,23,29.2,C
2021,5,24,28.1,C
2021,5,25,27.2,C
2021,5,26,28.3,C
2021,5,27,29.1,C
2021,5,28,29.5,C
2021,5,29,28.9,C
2021,5,30,29.2,C
2021,5,31,28.5,C
2021,6,1,26.1,C
2021,6,2,27.2,C
2021,6,3,28.8,C
2021,6,4,27.4,C
2021,6,5,24.9,C
2021,6,6,25.8,C
2021,6,7,26.4,C
2021,6,8,27.5,C
2021,6,9,26.6,C
2021,6,10,27.2,C
2021,6,11,27.6,C
2021,6,12,26.4,C
2021,6,13,27.7,C
2021,6,14,27.8,C
2021,6,15,28.1,C
2021,6,16,28.5,C
2021,6,17,29,C
2021,6,18,29.2,C
2021,6,19,29.4,C
2021,6,20,29.5,C
2021,6,21,29,C
2021,6,22,25.4,C
2021,6,23,25.5,C
2021,6,24,25.1,C
2021,6,25,26.2,C
2021,6,26,26.6,C
2021,6,27,28,C
2021,6,28,25.6,C
2021,6,29,27.7,C
2021,6,30,28.1,C
2021,7,1,28.4,C
2021,7,2,28.8,C
2021,7,3,28.7,C
2021,7,4,29,C
2021,7,5,28.3,C
2021,7,6,27.9,C
2021,7,7,27.9,C
2021,7,8,28.2,C
2021,7,9,28.6,C
2021,7,10,28.8,C
2021,7,11,28.7,C
2021,7,12,28.9,C
2021,7,13,28.8,C
2021,7,14,28.6,C
2021,7,15,28.8,C
2021,7,16,27.2,C
2021,7,17,26.8,C
2021,7,18,25.4,C
2021,7,19,25.5,C
2021,7,20,25,C
2021,7,21,25.9,C
2021,7,22,28.3,C
2021,7,23,29.1,C
2021,7,24,28.4,C
2021,7,25,29,C
2021,7,26,29.3,C
2021,7,27,29.8,C
2021,7,28,29.9,C
2021,7,29,27.8,C
2021,7,30,27.1,C
2021,7,31,28.6,C
2021,8,1,28.6,C
2021,8,2,28.7,C
2021,8,3,26.8,C
2021,8,4,27.2,C
2021,8,5,26.6,C
2021,8,6,27.7,C
2021,8,7,28,C
2021,8,8,28.3,C
2021,8,9,28.2,C
2021,8,10,27.7,C
2021,8,11,28.5,C
2021,8,12,28.1,C
2021,8,13,27.1,C
2021,8,14,26.2,C
2021,8,15,26.4,C
2021,8,16,27.3,C
2021,8,17,28.6,C
2021,8,18,28,C
2021,8,19,27.7,C
2021,8,20,28.6,C
2021,8,21,28.5,C
2021,8,22,28.4,C
2021,8,23,28.5,C
2021,8,24,27.9,C
2021,8,25,28.3,C
2021,8,26,28.3,C
2021,8,27,23,C
2021,8,28,25.9,C
2021,8,29,25.9,C
2021,8,30,27.5,C
2021,8,31,25.6,C
2021,9,1,27.8,C
2021,9,2,28.5,C
2021,9,3,27.9,C
2021,9,4,27.5,C
2021,9,5,28.3,C
2021,9,6,27.5,C
2021,9,7,28.1,C
2021,9,8,28.4,C
2021,9,9,27.8,C
2021,9,10,27.8,C
2021,9,11,28.5,C
2021,9,12,29.4,C
2021,9,13,29.3,C
2021,9,14,27.3,C
2021,9,15,28.3,C
2021,9,16,27.2,C
2021,9,17,27.9,C
2021,9,18,28.3,C
2021,9,19,28.3,C
2021,9,20,28.3,C
2021,9,21,27.5,C
2021,9,22,28.6,C
2021,9,23,26.7,C
2021,9,24,27.7,C
2021,9,25,27,C
2021,9,26,26,C
2021,9,27,27.2,C
2021,9,28,27.4,C
2021,9,29,28.1,C
2021,9,30,28.9,C
2021,10,1,28.5,C
2021,10,2,27.5,C
2021,10,3,26.3,C
2021,10,4,26.4,C
2021,10,5,26.6,C
2021,10,6,25.8,C
2021,10,7,25.6,C
2021,10,8,24.3,C
2021,10,9,25.4,C
2021,10,10,24.9,C
2021,10,11,25.7,C
2021,10,12,21.2,C
2021,10,13,25,C
2021,10,14,26.7,C
2021,10,15,24.2,C
2021,10,16,24.6,C
2021,10,17,21.4,C
2021,10,18,21,C
2021,10,19,23.7,C
2021,10,20,24.9,C
2021,10,21,23,C
2021,10,22,16.6,C
2021,10,23,18.6,C
2021,10,24,20.1,C
2021,10,25,20.7,C
2021,10,26,22.4,C
2021,10,27,22.9,C
2021,10,28,23.3,C
2021,10,29,23.4,C
2021,10,30,22.5,C
2021,10,31,21.5,C
2021,11,1,23.2,C
2021,11,2,22.9,C
2021,11,3,23,C
2021,11,4,23.9,C
2021,11,5,24.2,C
2021,11,6,25.3,C
2021,11,7,24.9,C
2021,11,8,16.1,C
2021,11,9,15.5,C
2021,11,10,14.7,C
2021,11,11,15.9,C
2021,11,12,17.4,C
2021,11,13,17.3,C
2021,11,14,17.8,C
2021,11,15,18.2,C
2021,11,16,21,C
2021,11,17,21,C
2021,11,18,20.1,C
2021,11,19,21,C
2021,11,20,21.7,C
2021,11,21,22,C
2021,11,22,16.3,C
2021,11,23,12.7,C
2021,11,24,16.6,C
2021,11,25,17.8,C
2021,11,26,18.3,C
2021,11,27,17.7,C
2021,11,28,19.1,C
2021,11,29,19.8,C
2021,11,30,18.5,C
2021,12,1,12.1,C
2021,12,2,12.8,C
2021,12,3,12.2,C
2021,12,4,13.1,C
2021,12,5,15.5,C
2021,12,6,15.4,C
2021,12,7,16.6,C
2021,12,8,16.8,C
2021,12,9,18.1,C
2021,12,10,18.6,C
2021,12,11,19.4,C
2021,12,12,19.9,C
2021,12,13,16.2,C
2021,12,14,18.1,C
2021,12,15,19.3,C
2021,12,16,22,C
2021,12,17,18.6,C
2021,12,18,14.1,C
2021,12,19,12.5,C
2021,12,20,14.4,C
2021,12,21,15.9,C
2021,12,22,17.7,C
2021,12,23,17.2,C
2021,12,24,18.5,C
2021,12,25,17.6,C
2021,12,26,12.4,C
2021,12,27,10.4,C
2021,12,28,13.3,C
2021,12,29,17.2,C
2021,12,30,16.9,C
2021,12,31,16,C
2022,1,1,15.4,C
2022,1,2,17.2,C
2022,1,3,16.9,C
2022,1,4,17.1,C
2022,1,5,19.1,C
2022,1,6,19.2,C
2022,1,7,16.7,C
2022,1,8,16.1,C
2022,1,9,16.5,C
2022,1,10,16.4,C
2022,1,11,13,C
2022,1,12,13.4,C
2022,1,13,13.5,C
2022,1,14,13.8,C
2022,1,15,16.6,C
2022,1,16,17.7,C
2022,1,17,15.9,C
2022,1,18,15.4,C
2022,1,19,15.3,C
2022,1,20,15.7,C
2022,1,21,16.1,C
2022,1,22,16.2,C
2022,1,23,18.4,C
2022,1,24,19.1,C
2022,1,25,17.1,C
2022,1,26,17.9,C
2022,1,27,19.5,C
2022,1,28,17.3,C
2022,1,29,17.1,C
2022,1,30,13.4,C
2022,1,31,11.2,C
2022,2,1,12.4,C
2022,2,2,14.5,C
2022,2,3,11.9,C
2022,2,4,12.5,C
2022,2,5,12.8,C
2022,2,6,14,C
2022,2,7,15,C
2022,2,8,15.1,C
2022,2,9,14.4,C
2022,2,10,15.5,C
2022,2,11,18.1,C
2022,2,12,18.2,C
2022,2,13,15.8,C
2022,2,14,15.4,C
2022,2,15,16.4,C
2022,2,16,14.8,C
2022,2,17,13.9,C
2022,2,18,14.4,C
2022,2,19,10.8,C
2022,2,20,7.3,C
2022,2,21,8,C
2022,2,22,10.6,C
2022,2,23,11.4,C
2022,2,24,11.5,C
2022,2,25,14,C
2022,2,26,16.1,C
2022,2,27,16.8,C
2022,2,28,16.9,C
2022,3,1,21.5,C
2022,3,2,20.6,C
2022,3,3,17.5,C
2022,3,4,20.2,C
2022,3,5,20,C
2022,3,6,17.4,C
2022,3,7,18.6,C
2022,3,8,13.4,C
2022,3,9,15.3,C
2022,3,10,17.8,C
2022,3,11,20.6,C
2022,3,12,19.7,C
2022,3,13,22.7,C
2022,3,14,23.1,C
2022,3,15,22.9,C
2022,3,16,19.9,C
2022,3,17,23.8,C
2022,3,18,23.9,C
2022,3,19,22.3,C
2022,3,20,19.3,C
2022,3,21,21.8,C
2022,3,22,23.1,C
2022,3,23,16.4,C
2022,3,24,16.6,C
2022,3,25,22.6,C
2022,3,26,25.5,C
2022,3,27,20.3,C
2022,3,28,15.7,C
2022,3,29,17.5,C
2022,3,30,20.8,C
2022,3,31,22.5,C
2022,4,1,17.8,C
2022,4,2,12.5,C
2022,4,3,15.1,C
2022,4,4,16.1,C
2022,4,5,19.2,C
2022,4,6,20.4,C
2022,4,7,20.6,C
2022,4,8,18.8,C
2022,4,9,20.2,C
2022,4,10,21.1,C
2022,4,11,24,C
2022,4,12,24.7,C
2022,4,13,24.2,C
2022,4,14,23.3,C
2022,4,15,21.1,C
2022,4,16,19.1,C
2022,4,17,18.6,C
2022,4,18,19.4,C
2022,4,19,18.1,C
2022,4,20,20.3,C
2022,4,21,23.1,C
2022,4,22,24,C
2022,4,23,25.9,C
2022,4,24,26.1,C
2022,4,25,26.2,C
2022,4,26,26,C
2022,4,27,27.1,C
2022,4,28,26.9,C
2022,4,29,27.3,C
2022,4,30,23.3,C
2022,5,1,18.8,C
2022,5,2,17.1,C
2022,5,3,19.3,C
2022,5,4,21.2,C
2022,5,5,23.1,C
2022,5,6,23.8,C
2022,5,7,23.5,C
2022,5,8,21.5,C
2022,5,9,23.2,C
2022,5,10,24.9,C
2022,5,11,23.9,C
2022,5,12,24.3,C
2022,5,13,25.1,C
2022,5,14,24.4,C
2022,5,15,22.1,C
2022,5,16,18.4,C
2022,5,17,20.5,C
2022,5,18,18.8,C
2022,5,19,22.1,C
2022,5,20,25.5,C
2022,5,21,25.6,C
2022,5,22,23.3,C
2022,5,23,22.7,C
2022,5,24,23.6,C
2022,5,25,25,C
2022,5,26,26.4,C
2022,5,27,26.2,C
2022,5,28,27.6,C
2022,5,29,27.9,C
2022,5,30,28.3,C
2022,5,31,26.8,C
2022,6,1,27.3,C
2022,6,2,27.7,C
2022,6,3,27.5,C
2022,6,4,28.1,C
2022,6,5,28.1,C
2022,6,6,27.3,C
2022,6,7,26.3,C
2022,6,8,25,C
2022,6,9,25.6,C
2022,6,10,25.3,C
2022,6,11,26,C
2022,6,12,27.6,C
2022,6,13,27.4,C
2022,6,14,26.2,C
2022,6,15,26.9,C
2022,6,16,26.8,C
2022,6,17,27.4,C
2022,6,18,26.9,C
2022,6,19,27.5,C
2022,6,20,27.2,C
2022,6,21,27.1,C
2022,6,22,27.9,C
2022,6,23,28,C
2022,6,24,28,C
2022,6,25,27.9,C
2022,6,26,28.2,C
2022,6,27,28.2,C
2022,6,28,28.4,C
2022,6,29,28.3,C
2022,6,30,26.2,C
2022,7,1,25.9,C
2022,7,2,25.4,C
2022,7,3,27.2,C
2022,7,4,26.7,C
2022,7,5,26.9,C
2022,7,6,27,C
2022,7,7,27.6,C
2022,7,8,28.7,C
2022,7,9,28.3,C
2022,7,10,29,C
2022,7,11,29,C
2022,7,12,28.8,C
2022,7,13,28.1,C
2022,7,14,28.3,C
2022,7,15,28.9,C
2022,7,16,28.9,C
2022,7,17,29.1,C
2022,7,18,28.7,C
2022,7,19,28.7,C
2022,7,20,28.7,C
2022,7,21,28.9,C
2022,7,22,29.1,C
2022,7,23,29.8,C
2022,7,24,29.6,C
2022,7,25,30.1,C
2022,7,26,28.8,C
2022,7,27,28.7,C
2022,7,28,29.6,C
2022,7,29,29.8,C
2022,7,30,26.5,C
2022,7,31,29.3,C
2022,8,1,29.1,C
2022,8,2,29.1,C
2022,8,3,26.4,C
2022,8,4,25.7,C
2022,8,5,25.6,C
2022,8,6,27.7,C
2022,8,7,28.5,C
2022,8,8,26.8,C
2022,8,9,25.3,C
2022,8,10,26.4,C
2022,8,11,26,C
2022,8,12,25.3,C
2022,8,13,27.8,C
2022,8,14,28.4,C
2022,8,15,28.6,C
2022,8,16,27.9,C
2022,8,17,27.5,C
2022,8,18,27.1,C
2022,8,19,27.2,C
2022,8,20,27.1,C
2022,8,21,28.3,C
2022,8,22,29.3,C
2022,8,23,29.9,C
2022,8,24,28.2,C
2022,8,25,25.5,C
2022,8,26,28.7,C
2022,8,27,28.7,C
2022,8,28,29.7,C
2022,8,29,28.2,C
2022,8,30,28.1,C
2022,8,31,28.5,C
2022,9,1,28.1,C
2022,9,2,25.4,C
2022,9,3,25,C
2022,9,4,25.7,C
2022,9,5,25.8,C
2022,9,6,26,C
2022,9,7,25.9,C
2022,9,8,27,C
2022,9,9,24.7,C
2022,9,10,26.7,C
2022,9,11,28,C
2022,9,12,27.8,C
2022,9,13,26.7,C
2022,9,14,25.4,C
2022,9,15,25.8,C
2022,9,16,27.6,C
2022,9,17,28.4,C
2022,9,18,28.7,C
2022,9,19,27.2,C
2022,9,20,26.4,C
2022,9,21,25.4,C
2022,9,22,26.1,C
2022,9,23,26.7,C
2022,9,24,25.3,C
2022,9,25,26.1,C
2022,9,26,26.4,C
2022,9,27,26.1,C
2022,9,28,25.9,C
2022,9,29,25.5,C
2022,9,30,24.8,C
2022,10,1,26.8,C
2022,10,2,27.6,C
2022,10,3,27.8,C
2022,10,4,27.4,C
2022,10,5,26.8,C
2022,10,6,26.6,C
2022,10,7,26.2,C
2022,10,8,25,C
2022,10,9,25.1,C
2022,10,10,19.3,C
2022,10,11,18.9,C
2022,10,12,19.1,C
2022,10,13,21.1,C
2022,10,14,23.4,C
2022,10,15,21.9,C
2022,10,16,22.1,C
2022,10,17,20.9,C
2022,10,18,17,C
2022,10,19,18.2,C
2022,10,20,20.5,C
2022,10,21,22.3,C
2022,10,22,23,C
2022,10,23,23.7,C
2022,10,24,22.3,C
2022,10,25,20.1,C
2022,10,26,20.7,C
2022,10,27,21.9,C
2022,10,28,22.6,C
2022,10,29,22.7,C
2022,10,30,20.9,C
2022,10,31,19.8,C
2022,11,1,17.5,C
2022,11,2,18.7,C
2022,11,3,21.3,C
2022,11,4,21.5,C
2022,11,5,19.1,C
2022,11,6,19.5,C
2022,11,7,20.4,C
2022,11,8,21,C
2022,11,9,22.3,C
2022,11,10,23.6,C
2022,11,11,23.4,C
2022,11,12,22.6,C
2022,11,13,24.3,C
2022,11,14,22.1,C
2022,11,15,22.4,C
2022,11,16,22.4,C
2022,11,17,23,C
2022,11,18,23.5,C
2022,11,19,23.9,C
2022,11,20,23.4,C
2022,11,21,21.6,C
2022,11,22,21.8,C
2022,11,23,22.8,C
2022,11,24,20.9,C
2022,11,25,21.7,C
2022,11,26,21.7,C
2022,11,27,21.8,C
2022,11,28,25.5,C
2022,11,29,25.2,C
2022,11,30,22,C
2022,12,1,13.9,C
2022,12,2,14.7,C
2022,12,3,17.8,C
2022,12,4,19.8,C
2022,12,5,14.5,C
2022,12,6,14.8,C
2022,12,7,16.7,C
2022,12,8,18.2,C
2022,12,9,17.8,C
2022,12,10,16.3,C
2022,12,11,13.3,C
2022,12,12,13.2,C
2022,12,13,11.7,C
2022,12,14,11.2,C
2022,12,15,13.8,C
2022,12,16,16.1,C
2022,12,17,9.5,C
2022,12,18,7,C
2022,12,19,10.6,C
2022,12,20,14.9,C
2022,12,21,13.2,C
2022,12,22,12,C
2022,12,23,12.1,C
2022,12,24,12.5,C
2022,12,25,12.8,C
2022,12,26,14.3,C
2022,12,27,14.8,C
2022,12,28,15.8,C
2022,12,29,13.5,C
2022,12,30,12.9,C
2022,12,31,13.8,C
2023,1,1,14.2,C
2023,1,2,16.6,C
2023,1,3,14.5,C
2023,1,4,15.7,C
2023,1,5,17.8,C
2023,1,6,17.3,C
2023,1,7,15.6,C
2023,1,8,14,C
2023,1,9,17.4,C
2023,1,10,17.3,C
2023,1,11,17,C
2023,1,12,17.6,C
2023,1,13,21.4,C
2023,1,14,23.1,C
2023,1,15,17.2,C
2023,1,16,9.2,C
2023,1,17,11.1,C
2023,1,18,12,C
2023,1,19,14.3,C
2023,1,20,14.5,C
2023,1,21,15.1,C
2023,1,22,18.7,C
2023,1,23,18.5,C
2023,1,24,10.7,C
2023,1,25,8.8,C
2023,1,26,13.3,C
2023,1,27,11.1,C
2023,1,28,7.9,C
2023,1,29,9,C
2023,1,30,11.5,C
2023,1,31,13.8,C
2023,2,1,19.6,C
2023,2,2,18.1,C
2023,2,3,15.9,C
2023,2,4,15.6,C
2023,2,5,16.4,C
2023,2,6,18.4,C
2023,2,7,20.6,C
2023,2,8,16.8,C
2023,2,9,18.5,C
2023,2,10,20.6,C
2023,2,11,17.9,C
2023,2,12,19.9,C
2023,2,13,22.4,C
2023,2,14,14.9,C
2023,2,15,13.3,C
2023,2,16,13.4,C
2023,2,17,17.2,C
2023,2,18,18.6,C
2023,2,19,21.3,C
2023,2,20,16.7,C
2023,2,21,14.7,C
2023,2,22,14.1,C
2023,2,23,16.5,C
2023,2,24,18.1,C
2023,2,25,13.8,C
2023,2,26,13.9,C
2023,2,27,13.1,C
2023,2,28,16,C
2023,3,1,18.1,C
2023,3,2,17.8,C
2023,3,3,14.6,C
2023,3,4,16.3,C
2023,3,5,15.3,C
2023,3,6,14.8,C
2023,3,7,15.9,C
2023,3,8,20.3,C
2023,3,9,21.1,C
2023,3,10,18.9,C
2023,3,11,19.2,C
2023,3,12,20.8,C
2023,3,13,16.1,C
2023,3,14,17.3,C
2023,3,15,19.6,C
2023,3,16,18.5,C
2023,3,17,20.4,C
2023,3,18,21.2,C
2023,3,19,18.7,C
2023,3,20,20.7,C
2023,3,21,22.1,C
2023,3,22,22.9,C
2023,3,23,23.2,C
2023,3,24,24.2,C
2023,3,25,22.2,C
2023,3,26,19.4,C
2023,3,27,16.6,C
2023,3,28,16.7,C
2023,3,29,18.6,C
2023,3,30,19.7,C
2023,3,31,19.4,C
2023,4,1,19.4,C
2023,4,2,20,C
2023,4,3,19.3,C
2023,4,4,23.4,C
2023,4,5,24.2,C
2023,4,6,25.2,C
2023,4,7,19.6,C
2023,4,8,17.5,C
2023,4,9,17.2,C
2023,4,10,19.8,C
2023,4,11,23.5,C
2023,4,12,24.1,C
2023,4,13,21.4,C
2023,4,14,23.6,C
2023,4,15,24.9,C
2023,4,16,24.7,C
2023,4,17,25.3,C
2023,4,18,25.2,C
2023,4,19,24,C
2023,4,20,23.6,C
2023,4,21,23,C
2023,4,22,21.6,C
2023,4,23,22.1,C
2023,4,24,22.4,C
2023,4,25,21.8,C
2023,4,26,19.2,C
2023,4,27,20.8,C
2023,4,28,23.3,C
2023,4,29,24.6,C
2023,4,30,22.4,C
2023,5,1,22.1,C
2023,5,2,21.6,C
2023,5,3,23.8,C
2023,5,4,25.4,C
2023,5,5,26.3,C
2023,5,6,26.7,C
2023,5,7,25.3,C
2023,5,8,21.2,C
2023,5,9,21.7,C
2023,5,10,20.4,C
2023,5,11,21.6,C
2023,5,12,21.9,C
2023,5,13,22,C
2023,5,14,20.5,C
2023,5,15,23.7,C
2023,5,16,24.8,C
2023,5,17,25.8,C
2023,5,18,28.3,C
2023,5,19,28.2,C
2023,5,20,28.6,C
2023,5,21,28.5,C
2023,5,22,28.6,C
2023,5,23,25.7,C
2023,5,24,22.8,C
2023,5,25,24.8,C
2023,5,26,26.9,C
2023,5,27,27.5,C
2023,5,28,26.8,C
2023,5,29,27.1,C
2023,5,30,29.1,C
2023,5,31,29.3,C
2023,6,1,26.6,C
2023,6,2,29.1,C
2023,6,3,28.4,C
2023,6,4,28,C
2023,6,5,27.5,C
2023,6,6,26.6,C
2023,6,7,27.3,C
2023,6,8,28,C
2023,6,9,27.8,C
2023,6,10,27.5,C
2023,6,11,27.7,C
2023,6,12,28.2,C
2023,6,13,28,C
2023,6,14,26.6,C
2023,6,15,26.1,C
2023,6,16,25.6,C
2023,6,17,25.5,C
2023,6,18,26.6,C
2023,6,19,27.7,C
2023,6,20,28.5,C
2023,6,21,28.9,C
2023,6,22,28.7,C
2023,6,23,27.6,C
2023,6,24,27.1,C
2023,6,25,28.1,C
2023,6,26,27.8,C
2023,6,27,28.1,C
2023,6,28,27,C
2023,6,29,28.3,C
2023,6,30,28.2,C
2023,7,1,26.9,C
2023,7,2,26.2,C
2023,7,3,27.9,C
2023,7,4,27.5,C
2023,7,5,28.8,C
2023,7,6,28.5,C
2023,7,7,28.3,C
2023,7,8,28.8,C
2023,7,9,29,C
2023,7,10,28.7,C
2023,7,11,28.8,C
2023,7,12,28,C
2023,7,13,27.9,C
2023,7,14,28.6,C
2023,7,15,29.3,C
2023,7,16,27.4,C
2023,7,17,26.4,C
2023,7,18,27.6,C
2023,7,19,27.3,C
2023,7,20,28.1,C
2023,7,21,27.9,C
2023,7,22,28,C
2023,7,23,28.3,C
2023,7,24,28.7,C
2023,7,25,28.8,C
2023,7,26,29.2,C
2023,7,27,28.6,C
2023,7,28,28.5,C
2023,7,29,27.9,C
2023,7,30,28.1,C
2023,7,31,28.2,C
2023,8,1,27.7,C
2023,8,2,27.3,C
2023,8,3,28,C
2023,8,4,28.6,C
2023,8,5,28.3,C
2023,8,6,28.8,C
2023,8,7,28.2,C
2023,8,8,28.3,C
2023,8,9,28.3,C
2023,8,10,27.6,C
2023,8,11,26.8,C
2023,8,12,27.8,C
2023,8,13,26.9,C
2023,8,14,28.1,C
2023,8,15,28.4,C
2023,8,16,29.5,C
2023,8,17,28.6,C
2023,8,18,27.9,C
2023,8,19,27.1,C
2023,8,20,28,C
2023,8,21,28.2,C
2023,8,22,28.3,C
2023,8,23,28.5,C
2023,8,24,27.3,C
2023,8,25,27.7,C
2023,8,26,28.3,C
2023,8,27,27.7,C
2023,8,28,28,C
2023,8,29,27.6,C
2023,8,30,26.3,C
2023,8,31,26.2,C
2023,9,1,24.3,C
2023,9,2,24.9,C
2023,9,3,27.7,C
2023,9,4,28,C
2023,9,5,26,C
2023,9,6,27.2,C
2023,9,7,26.7,C
2023,9,8,24.5,C
2023,9,9,25,C
2023,9,10,24.6,C
2023,9,11,25.9,C
2023,9,12,26.4,C
2023,9,13,27.3,C
2023,9,14,26,C
2023,9,15,27.1,C
2023,9,16,26.3,C
2023,9,17,27.6,C
2023,9,18,28,C
2023,9,19,27.7,C
2023,9,20,27.9,C
2023,9,21,28.5,C
2023,9,22,27.9,C
2023,9,23,27.3,C
2023,9,24,26.8,C
2023,9,25,27.4,C
2023,9,26,27.2,C
2023,9,27,27.2,C
2023,9,28,27,C
2023,9,29,27.6,C
2023,9,30,27.8,C
2023,10,1,28,C
2023,10,2,26.9,C
2023,10,3,27.6,C
2023,10,4,28.1,C
2023,10,5,26,C
2023,10,6,24.1,C
2023,10,7,21.9,C
2023,10,8,22.3,C
2023,10,9,23.2,C
2023,10,10,23.4,C
2023,10,11,23.2,C
2023,10,12,23,C
2023,10,13,23.5,C
2023,10,14,23,C
2023,10,15,23.6,C
2023,10,16,22.9,C
2023,10,17,20.8,C
2023,10,18,22.1,C
2023,10,19,23.9,C
2023,10,20,24.1,C
2023,10,21,20.4,C
2023,10,22,21.6,C
2023,10,23,23.8,C
2023,10,24,24.6,C
2023,10,25,24.5,C
2023,10,26,24.2,C
2023,10,27,25.4,C
2023,10,28,24.1,C
2023,10,29,23,C
2023,10,30,24,C
2023,10,31,22.5,C
2023,11,1,22.7,C
2023,11,2,23.5,C
2023,11,3,24.3,C
2023,11,4,24.4,C
2023,11,5,25,C
2023,11,6,24.8,C
2023,11,7,22.5,C
2023,11,8,22.1,C
2023,11,9,23.5,C
2023,11,10,25.4,C
2023,11,11,23.2,C
2023,11,12,21.7,C
2023,11,13,19,C
2023,11,14,17.9,C
2023,11,15,20.1,C
2023,11,16,19,C
2023,11,17,13,C
2023,11,18,14.6,C
2023,11,19,17.5,C
2023,11,20,18.2,C
2023,11,21,19.5,C
2023,11,22,20.9,C
2023,11,23,21.3,C
2023,11,24,19.6,C
2023,11,25,18.8,C
2023,11,26,19.5,C
2023,11,27,20.2,C
2023,11,28,19.1,C
2023,11,29,19.8,C
2023,11,30,21.4,C
2023,12,1,18,C
2023,12,2,16.8,C
2023,12,3,18.4,C
2023,12,4,19.9,C
2023,12,5,19.9,C
2023,12,6,18.9,C
2023,12,7,15.6,C
2023,12,8,18.1,C
2023,12,9,21.5,C
2023,12,10,22.2,C
2023,12,11,23.3,C
2023,12,12,24,C
2023,12,13,20,C
2023,12,14,21.4,C
2023,12,15,23.7,C
2023,12,16,15.6,C
2023,12,17,10.2,C
2023,12,18,15.5,C
2023,12,19,15.4,C
2023,12,20,11,C
2023,12,21,8.3,C
2023,12,22,6.4,C
2023,12,23,8,C
2023,12,24,11.1,C
2023,12,25,12.3,C
2023,12,26,14.4,C
2023,12,27,15.7,C
2023,12,28,18.4,C
2023,12,29,18,C
2023,12,30,18.9,C
2023,12,31,21,C
2024,1,1,18.3,C
2024,1,2,16.7,C
2024,1,3,17,C
2024,1,4,14.8,C
2024,1,5,17.5,C
2024,1,6,19.2,C
2024,1,7,17,C
2024,1,8,16.6,C
2024,1,9,19.2,C
2024,1,10,17.5,C
2024,1,11,16.3,C
2024,1,12,16.9,C
2024,1,13,14.9,C
2024,1,14,15.6,C
2024,1,15,18.8,C
2024,1,16,16.3,C
2024,1,17,16.4,C
2024,1,18,19.9,C
2024,1,19,19.2,C
2024,1,20,20.5,C
2024,1,21,15.7,C
2024,1,22,12.7,C
2024,1,23,5.7,C
2024,1,24,7.1,C
2024,1,25,9.7,C
2024,1,26,12.5,C
2024,1,27,13,C
2024,1,28,12.2,C
2024,1,29,14.4,C
2024,1,30,17.7,C
2024,1,31,18.7,C
2024,2,1,21.6,C
2024,2,2,22.3,C
2024,2,3,18.5,C
2024,2,4,19.2,C
2024,2,5,19.2,C
2024,2,6,17.4,C
2024,2,7,16.1,C
2024,2,8,11,C
2024,2,9,10.6,C
2024,2,10,12.2,C
2024,2,11,14.1,C
2024,2,12,13.5,C
2024,2,13,16.9,C
2024,2,14,20,C
2024,2,15,20.8,C
2024,2,16,18.7,C
2024,2,17,17.9,C
2024,2,18,20.8,C
2024,2,19,21.8,C
2024,2,20,23.2,C
2024,2,21,23.7,C
2024,2,22,22.9,C
2024,2,23,18.6,C
2024,2,24,17.7,C
2024,2,25,16.2,C
2024,2,26,16.8,C
2024,2,27,15.2,C
2024,2,28,16.8,C
2024,2,29,18.5,C
2024,3,1,10.5,C
2024,3,2,9.6,C
2024,3,3,14.3,C
2024,3,4,18.5,C
2024,3,5,23.6,C
2024,3,6,22.7,C
2024,3,7,15.7,C
2024,3,8,15.3,C
2024,3,9,13.1,C
2024,3,10,14.2,C
2024,3,11,16.5,C
2024,3,12,16.4,C
2024,3,13,16.3,C
2024,3,14,17.5,C
2024,3,15,18.4,C
2024,3,16,19.9,C
2024,3,17,22.8,C
2024,3,18,20.3,C
2024,3,19,18.4,C
2024,3,20,17,C
2024,3,21,17.5,C
2024,3,22,21.6,C
2024,3,23,23.5,C
2024,3,24,25.3,C
2024,3,25,24.9,C
2024,3,26,25.3,C
2024,3,27,20.1,C
2024,3,28,23.8,C
2024,3,29,24.5,C
2024,3,30,25,C
2024,3,31,25.4,C
2024,4,1,25.4,C
2024,4,2,24.9,C
2024,4,3,25.4,C
2024,4,4,25.3,C
2024,4,5,24.6,C
2024,4,6,22.6,C
2024,4,7,24.4,C
2024,4,8,25,C
2024,4,9,20.3,C
2024,4,10,20.5,C
2024,4,11,22.6,C
2024,4,12,24.7,C
2024,4,13,25.5,C
2024,4,14,26,C
2024,4,15,26.5,C
2024,4,16,25.9,C
2024,4,17,27.2,C
2024,4,18,24.8,C
2024,4,19,25.3,C
2024,4,20,25.8,C
2024,4,21,22.5,C
2024,4,22,24.3,C
2024,4,23,24.3,C
2024,4,24,25.1,C
2024,4,25,24.9,C
2024,4,26,25.5,C
2024,4,27,27.1,C
2024,4,28,23,C
2024,4,29,26.6,C
2024,4,30,27.1,C
2024,5,1,22.3,C
2024,5,2,23.2,C
2024,5,3,22.4,C
2024,5,4,23.4,C
2024,5,5,24.9,C
2024,5,6,27.3,C
2024,5,7,26.3,C
2024,5,8,24.8,C
2024,5,9,22.4,C
2024,5,10,21.9,C
2024,5,11,25.5,C
2024,5,12,26.4,C
2024,5,13,24.9,C
2024,5,14,21.7,C
2024,5,15,22.5,C
2024,5,16,21.4,C
2024,5,17,23.3,C
2024,5,18,23.4,C
2024,5,19,23.2,C
2024,5,20,23.3,C
2024,5,21,24.7,C
2024,5,22,25.2,C
2024,5,23,25.1,C
2024,5,24,24.4,C
2024,5,25,25.9,C
2024,5,26,26.5,C
2024,5,27,26.7,C
2024,5,28,27.1,C
2024,5,29,22,C
2024,5,30,23.5,C
2024,5,31,26.5,C
2024,6,1,26.1,C
2024,6,2,27.2,C
2024,6,3,23.5,C
2024,6,4,22.5,C
2024,6,5,23.4,C
2024,6,6,25.9,C
2024,6,7,24.2,C
2024,6,8,25.5,C
2024,6,9,25.6,C
2024,6,10,27.7,C
2024,6,11,27.7,C
2024,6,12,28.6,C
2024,6,13,28.7,C
2024,6,14,27.4,C
2024,6,15,26.6,C
2024,6,16,27.5,C
2024,6,17,28.3,C
2024,6,18,28.1,C
2024,6,19,28.3,C
2024,6,20,28.5,C
2024,6,21,29.1,C
2024,6,22,29.1,C
2024,6,23,28.7,C
2024,6,24,28.7,C
2024,6,25,28.5,C
2024,6,26,28.8,C
2024,6,27,29,C
2024,6,28,28.8,C
2024,6,29,27.8,C
2024,6,30,28.4,C
2024,7,1,28.5,C
2024,7,2,28.2,C
2024,7,3,28.6,C
2024,7,4,28.3,C
2024,7,5,28.5,C
2024,7,6,28.9,C
2024,7,7,29.6,C
2024,7,8,28.5,C
2024,7,9,28.6,C
2024,7,10,28.5,C
2024,7,11,28.2,C
2024,7,12,28.2,C
2024,7,13,28.8,C
2024,7,14,28.8,C
2024,7,15,28.2,C
2024,7,16,27.4,C
2024,7,17,28.1,C
2024,7,18,27.1,C
2024,7,19,27.7,C
2024,7,20,29,C
2024,7,21,28.3,C
2024,7,22,29.1,C
2024,7,23,29.1,C
2024,7,24,28.5,C
2024,7,25,29.1,C
2024,7,26,27.8,C
2024,7,27,27.1,C
2024,7,28,25.9,C
2024,7,29,26.3,C
2024,7,30,27,C
2024,7,31,26.6,C
2024,8,1,28.5,C
2024,8,2,28.4,C
2024,8,3,29.1,C
2024,8,4,28.9,C
2024,8,5,30.3,C
2024,8,6,28.8,C
2024,8,7,29.8,C
2024,8,8,29.4,C
2024,8,9,29,C
2024,8,10,29.3,C
2024,8,11,28.9,C
2024,8,12,27.2,C
2024,8,13,28.6,C
2024,8,14,27.3,C
2024,8,15,26.4,C
2024,8,16,26.5,C
2024,8,17,25.9,C
2024,8,18,26.9,C
2024,8,19,26.5,C
2024,8,20,25.7,C
2024,8,21,25.7,C
2024,8,22,28.2,C
2024,8,23,27.9,C
2024,8,24,28.6,C
2024,8,25,28.2,C
2024,8,26,28.5,C
2024,8,27,28.9,C
2024,8,28,29.3,C
2024,8,29,28.7,C
2024,8,30,28.9,C
2024,8,31,27.8,C
2024,9,1,28.7,C
2024,9,2,29,C
2024,9,3,28.9,C
2024,9,4,27.6,C
2024,9,5,27.1,C
2024,9,6,26.1,C
2024,9,7,27.9,C
2024,9,8,27.3,C
2024,9,9,26.3,C
2024,9,10,27.4,C
2024,9,11,28.4,C
2024,9,12,28.1,C
2024,9,13,28,C
2024,9,14,26.7,C
2024,9,15,27.1,C
2024,9,16,26.5,C
2024,9,17,28.7,C
2024,9,18,27,C
2024,9,19,27.5,C
2024,9,20,28.2,C
2024,9,21,26.3,C
2024,9,22,26,C
2024,9,23,24.7,C
2024,9,24,25.8,C
2024,9,25,27.4,C
2024,9,26,28,C
2024,9,27,28.1,C
2024,9,28,27.5,C
2024,9,29,27.6,C
2024,9,30,28.1,C
2024,10,1,26.7,C
2024,10,2,22.6,C
2024,10,3,20.6,C
2024,10,4,21.3,C
2024,10,5,23.7,C
2024,10,6,26.2,C
2024,10,7,25.5,C
2024,10,8,23.8,C
2024,10,9,22,C
2024,10,10,23.4,C
2024,10,11,22.4,C
2024,10,12,23.1,C
2024,10,13,24.8,C
2024,10,14,25.8,C
2024,10,15,25.8,C
2024,10,16,25.2,C
2024,10,17,25.2,C
2024,10,18,26.3,C
2024,10,19,27,C
2024,10,20,24.7,C
2024,10,21,25.1,C
2024,10,22,24.9,C
2024,10,23,21.6,C
2024,10,24,18.4,C
2024,10,25,20.2,C
2024,10,26,22.7,C
2024,10,27,24.6,C
2024,10,28,21.8,C
2024,10,29,21.9,C
2024,10,30,23.2,C
2024,10,31,22.6,C
2024,11,1,22.9,C
2024,11,2,21.3,C
2024,11,3,23.3,C
2024,11,4,24.4,C
2024,11,5,22.3,C
2024,11,6,21.1,C
2024,11,7,18.9,C
2024,11,8,19.1,C
2024,11,9,21.4,C
2024,11,10,22.7,C
2024,11,11,22.5,C
2024,11,12,24.4,C
2024,11,13,22.7,C
2024,11,14,23.3,C
2024,11,15,23.5,C
2024,11,16,24.8,C
2024,11,17,23.1,C
2024,11,18,21.4,C
2024,11,19,17.5,C
2024,11,20,16.8,C
2024,11,21,18.1,C
2024,11,22,18.3,C
2024,11,23,17.5,C
2024,11,24,18.5,C
2024,11,25,19.9,C
2024,11,26,17.4,C
2024,11,27,14.7,C
2024,11,28,13.5,C
2024,11,29,12.6,C
2024,11,30,15.5,C
2024,12,1,17.7,C
2024,12,2,18.6,C
2024,12,3,20.5,C
2024,12,4,19.8,C
2024,12,5,19.4,C
2024,12,6,19,C
2024,12,7,18.2,C
2024,12,8,15.7,C
2024,12,9,15.7,C
2024,12,10,18.2,C
2024,12,11,20.6,C
2024,12,12,16.9,C
2024,12,13,15.1,C
2024,12,14,11.5,C
2024,12,15,9.7,C
2024,12,16,11.5,C
2024,12,17,15.2,C
2024,12,18,13.5,C
2024,12,19,11,C
2024,12,20,11,C
2024,12,21,12.6,C
2024,12,22,11.5,C
2024,12,23,11.9,C
2024,12,24,13.3,C
2024,12,25,16.2,C
2024,12,26,18.1,C
2024,12,27,17.2,C
2024,12,28,12.4,C
2024,12,29,12.4,C
2024,12,30,15.4,C
2024,12,31,16,C
2025,1,1,14.7,C
2025,1,2,16.7,C
2025,1,3,13,C
2025,1,4,14.7,C
2025,1,5,15.6,C
2025,1,6,14.4,C
2025,1,7,14.2,C
2025,1,8,15.1,C
2025,1,9,15.5,C
2025,1,10,10.7,C
2025,1,11,10,C
2025,1,12,9.9,C
2025,1,13,12.6,C
2025,1,14,13.9,C
2025,1,15,14.8,C
2025,1,16,12.5,C
2025,1,17,11.3,C
2025,1,18,13.6,C
2025,1,19,14.8,C
2025,1,20,14.8,C
2025,1,21,13.2,C
2025,1,22,15.7,C
2025,1,23,18,C
2025,1,24,16.7,C
2025,1,25,16.3,C
2025,1,26,12.9,C
2025,1,27,9.5,C
2025,1,28,11,C
2025,1,29,11.9,C
2025,1,30,14,C
2025,1,31,14.9,C